{
  "ShowShelfPane": false,
  "ShowEditTagsMenu": true,
  "AppThemeBackgroundImageFit": 3,
  "AppThemeFontFamily": "Segoe UI Variable",
  "AppThemeBackgroundImageSource": "",
  "CardsViewSize": 1,
  "DefaultGroupOption": 0,
  "DetailsViewSize": 2,
  "ShowFileExtensionWarning": true,
  "ShowGitLastCommitMessageColumn": false,
  "ShowStatusCenterTeachingTip": false,
  "DateCreatedColumnWidth": 200,
  "AppThemeFileAreaBackgroundColor": "#1e1e2e",
  "ShowCreateAlternateDataStream": false,
  "AppThemeInfoPaneBackgroundColor": "",
  "AppThemeBackgroundImageHorizontalAlignment": 1,
  "ShellPaneArrangementOption": 1,
  "OpenSpecificPageOnStartup": false,
  "IsDriveSectionExpanded": false,
  "HasClickedSponsorPrompt": false,
  "ShowToolbar": true,
  "AppThemeBackgroundImageVerticalAlignment": 1,
  "ShowQuickAccessWidget": true,
  "NetworkLocationsWidgetExpanded": false,
  "TabsOnStartupList": null,
  "ShowDrivesWidget": true,
  "TilesViewSize": 1,
  "ShowTypeColumn": true,
  "OpenNewTabOnStartup": false,
  "ShowCreateShortcut": true,
  "DeleteConfirmationPolicy": 0,
  "PathColumnWidth": 200,
  "ShowLibrarySection": false,
  "IsFileTagsSectionExpanded": false,
  "GitStatusColumnWidth": 80,
  "AppThemeFileAreaSecondaryBackgroundColor": "",
  "ShowDrivesSection": true,
  "TypeColumnWidth": 140,
  "AlwaysSwitchToNewlyOpenedTab": false,
  "ShowFileTagsWidget": false,
  "DefaultGroupByDateUnit": 0,
  "ShowCheckboxesWhenSelectingItems": true,
  "IsPinnedSectionExpanded": true,
  "IsEnabled": false,
  "ShowFileTagsSection": true,
  "SidebarWidth": 255,
  "ShowSyncStatusColumn": true,
  "ActionsV2": null,
  "OpenItemsWithOneClick": false,
  "FileTagsWidgetExpanded": true,
  "DrivesWidgetExpanded": true,
  "DefaultSortOption": 0,
  "AppThemeMode": "Dark",
  "ShowOpenInNewTab": true,
  "ShowSizeColumn": true,
  "OpenTabInExistingInstance": true,
  "ColumnLayoutOpenFoldersWithOneClick": true,
  "ShowHiddenItems": true,
  "GridViewSize": 8,
  "NameColumnWidth": 240,
  "ContinueLastSessionOnStartUp": true,
  "UserId": "9566a70d-3cb4-4ddb-acd6-375bf934dd3a",
  "CalculateFolderSizes": false,
  "ShowCloudDrivesSection": true,
  "ShowTabActions": true,
  "ShowWslSection": true,
  "MoveShellExtensionsToSubMenu": true,
  "ShowBackgroundRunningNotification": false,
  "AppThemeBackdropMaterial": 2,
  "AlwaysOpenDualPaneInNewTab": false,
  "LeaveAppRunning": true,
  "ShowCopyPath": true,
  "ShowOriginalPathColumn": true,
  "ShowNetworkLocationsWidget": false,
  "RecentFilesWidgetExpanded": false,
  "ShowOpenTerminal": true,
  "DateTimeFormat": 0,
  "DefaultLayoutMode": 5,
  "ShowDateDeletedColumn": true,
  "SizeUnitFormat": 0,
  "DoubleClickToGoUp": false,
  "OpenInIDEOption": 0,
  "AppThemeToolbarBackgroundColor": "",
  "ShowOpenInNewPane": true,
  "IDEName": "C\u00F3digo do Visual Studio",
  "ShowGitLastCommitDateColumn": false,
  "AppThemeBackgroundColor": "#FF11111B",
  "SyncFolderPreferencesAcrossDirectories": false,
  "AppThemeSidebarBackgroundColor": "#181825",
  "StatusCenterVisibility": 0,
  "DefaultDirectorySortDirection": 0,
  "ShowGitLastCommitShaColumn": false,
  "FoldersWidgetExpanded": true,
  "ShowDateColumn": true,
  "SyncStatusColumnWidth": 50,
  "ShowDotFiles": true,
  "AppThemeAddressBarBackgroundColor": "#1e1e2e",
  "ShowGitCommitAuthorColumn": false,
  "DateDeletedColumnWidth": 200,
  "ShowCompressionOptions": true,
  "ShowSendToMenu": true,
  "ShowSystemTrayIcon": true,
  "ListViewSize": 5,
  "ColumnsViewSize": 5,
  "ShowFileTagColumn": true,
  "DefaultSortFilesFirst": false,
  "ConflictsResolveOption": 0,
  "GitLastCommitShaColumnWidth": 80,
  "IsSidebarOpen": true,
  "SelectFilesOnHover": false,
  "ShowFilterHeader": false,
  "GitCommitAuthorColumnWidth": 140,
  "DefaultDirectoryGroupDirection": 0,
  "ShowDateCreatedColumn": false,
  "ShowCreateFolderWithSelection": true,
  "IsInfoPaneEnabled": false,
  "RestoreTabsOnStartup": false,
  "IsNetworkSectionExpanded": false,
  "GitLastCommitDateColumnWidth": 140,
  "ShowPathColumn": true,
  "GitLastCommitMessageColumnWidth": 140,
  "ShowGitStatusColumn": false,
  "ShowPinnedSection": true,
  "DateModifiedColumnWidth": 200,
  "ShowOpenInNewWindow": true,
  "ShowRecentFilesWidget": false,
  "OpenFoldersInNewTab": false,
  "DefaultSortDirectoriesAlongsideFiles": false,
  "OriginalPathColumnWidth": 200,
  "ShowThumbnails": true,
  "ShowFileExtensions": true,
  "ShowStatusBar": true,
  "AppThemeBackgroundImageOpacity": 1,
  "ShowFlattenOptions": false,
  "AreAlternateStreamsVisible": false,
  "SizeColumnWidth": 100,
  "ShowNetworkSection": false,
  "HasClickedReviewPrompt": false,
  "ShowProtectedSystemFiles": false,
  "ShowShelfPaneToggleButton": false,
  "ScrollToPreviousFolderWhenNavigatingUp": true,
  "TagColumnWidth": 140
}